<ImportExportXml xmlns:xsi="http://www.w3.org/2001/XMLSchema-instance">
  <Entities></Entities>
  <Roles></Roles>
  <Workflows>
    <Workflow WorkflowId="{eeb9caf8-d5f1-ec11-bb3c-000d3a84b896}" Name="cvo_portal_FlowForAuthentication">
      <JsonFileName>/Workflows/cvo_portal_FlowForAuthentication-EEB9CAF8-D5F1-EC11-BB3C-000D3A84B896.json</JsonFileName>
      <Type>1</Type>
      <Subprocess>0</Subprocess>
      <Category>5</Category>
      <Mode>0</Mode>
      <Scope>4</Scope>
      <OnDemand>0</OnDemand>
      <TriggerOnCreate>0</TriggerOnCreate>
      <TriggerOnDelete>0</TriggerOnDelete>
      <AsyncAutodelete>0</AsyncAutodelete>
      <SyncWorkflowLogOnFailure>0</SyncWorkflowLogOnFailure>
      <StateCode>1</StateCode>
      <StatusCode>2</StatusCode>
      <RunAs>1</RunAs>
      <IsTransacted>1</IsTransacted>
      <IntroducedVersion>1.0.0.0</IntroducedVersion>
      <IsCustomizable>1</IsCustomizable>
      <BusinessProcessType>0</BusinessProcessType>
      <IsCustomProcessingStepAllowedForOtherPublishers>1</IsCustomProcessingStepAllowedForOtherPublishers>
      <PrimaryEntity>none</PrimaryEntity>
      <LocalizedNames>
        <LocalizedName languagecode="1033" description="cvo_portal_FlowForAuthentication" />
      </LocalizedNames>
    </Workflow>
  </Workflows>
  <FieldSecurityProfiles></FieldSecurityProfiles>
  <Templates />
  <EntityMaps />
  <EntityRelationships />
  <OrganizationSettings />
  <optionsets />
  <CustomControls />
  <SolutionPluginAssemblies>
    <PluginAssembly FullName="Coveo.Dynamics.TokenService, Version=1.0.0.0, Culture=neutral, PublicKeyToken=792e71539c7236e7" PluginAssemblyId="0631c1db-009d-4032-9373-606c33abaed7" CustomizationLevel="1">
      <IsolationMode>2</IsolationMode>
      <SourceType>0</SourceType>
      <IntroducedVersion>1.0</IntroducedVersion>
      <FileName>/PluginAssemblies/CoveoDynamicsTokenService-0631C1DB-009D-4032-9373-606C33ABAED7/CoveoDynamicsTokenService.dll</FileName>
      <PluginTypes>
        <PluginType AssemblyQualifiedName="Coveo.Dynamics.TokenService.GetSearchTokenCRM, Coveo.Dynamics.TokenService, Version=1.0.0.0, Culture=neutral, PublicKeyToken=792e71539c7236e7" PluginTypeId="22775f0b-e94d-4550-bcd6-59e5ac196310" Name="Coveo.Dynamics.TokenService.GetSearchTokenCRM">
          <FriendlyName>7551cea7-b3a6-48cf-b164-7ce093cadb2b</FriendlyName>
        </PluginType>
        <PluginType AssemblyQualifiedName="Coveo.Dynamics.TokenService.GetSearchTokenPortal, Coveo.Dynamics.TokenService, Version=1.0.0.0, Culture=neutral, PublicKeyToken=792e71539c7236e7" PluginTypeId="ae8c1087-acea-4012-a7e3-f8f6953472e8" Name="Coveo.Dynamics.TokenService.GetSearchTokenPortal">
          <FriendlyName>ae148e99-d5c1-42ca-85f1-d90dd8e00351</FriendlyName>
        </PluginType>
      </PluginTypes>
    </PluginAssembly>
  </SolutionPluginAssemblies>
  <EntityDataProviders />
  <connectionreferences>
    <connectionreference connectionreferencelogicalname="cvo_sharedcommondataserviceforapps_21657">
      <connectionreferencedisplayname>Microsoft Dataverse CoveoforDataverse-21657</connectionreferencedisplayname>
      <connectorid>/providers/Microsoft.PowerApps/apis/shared_commondataserviceforapps</connectorid>
      <iscustomizable>1</iscustomizable>
      <statecode>0</statecode>
      <statuscode>1</statuscode>
    </connectionreference>
  </connectionreferences>
  <Languages>
    <Language>1033</Language>
  </Languages>
</ImportExportXml>