<customapiresponseproperty uniquename="cvo_crm_Response">
  <description default="Response returned by the service which contains the SearchHub and the token">
    <label description="Response returned by the service which contains the SearchHub and the token" languagecode="1033" />
  </description>
  <displayname default="CRM Service Response">
    <label description="CRM Service Response" languagecode="1033" />
  </displayname>
  <iscustomizable>1</iscustomizable>
  <name>cvo_crm_Response</name>
  <type>10</type>
</customapiresponseproperty>