<environmentvariabledefinition schemaname="cvo_portal_Pipeline">
  <defaultvalue>default</defaultvalue>
  <description default="https://docs.coveo.com/en/56/build-a-search-ui/search-token-authentication#filter-string-optional">
    <label description="https://docs.coveo.com/en/56/build-a-search-ui/search-token-authentication#filter-string-optional" languagecode="1033" />
  </description>
  <displayname default="Portal Pipeline">
    <label description="Portal Pipeline" languagecode="1033" />
  </displayname>
  <introducedversion>1.0.0.1</introducedversion>
  <iscustomizable>1</iscustomizable>
  <isrequired>0</isrequired>
  <secretstore>0</secretstore>
  <type>100000000</type>
</environmentvariabledefinition>