<customapiresponseproperty uniquename="cvo_portal_Response">
  <description default="Response returned by the service which contains the SearchHub and the token">
    <label description="Response returned by the service which contains the SearchHub and the token" languagecode="1033" />
  </description>
  <displayname default="Portal Service Response">
    <label description="Portal Service Response" languagecode="1033" />
  </displayname>
  <iscustomizable>1</iscustomizable>
  <name>cvo_portal_Response</name>
  <type>10</type>
</customapiresponseproperty>