<customapi uniquename="cvo_portal_GetSearchToken">
  <allowedcustomprocessingsteptype>0</allowedcustomprocessingsteptype>
  <bindingtype>0</bindingtype>
  <description default="Method to get the SearchToken on the Portal side.">
    <label description="Method to get the SearchToken on the Portal side." languagecode="1033" />
  </description>
  <displayname default="Portal GetSearchToken">
    <label description="Portal GetSearchToken" languagecode="1033" />
  </displayname>
  <iscustomizable>1</iscustomizable>
  <isfunction>0</isfunction>
  <isprivate>0</isprivate>
  <name>cvo_portal_GetSearchToken</name>
  <plugintypeid>
    <plugintypeid>ae8c1087-acea-4012-a7e3-f8f6953472e8</plugintypeid>
  </plugintypeid>
  <workflowsdkstepenabled>0</workflowsdkstepenabled>
</customapi>