<customapirequestparameter uniquename="cvo_portal_SearchHub">
  <description default="Param to pass the SearchHub from the UI to the service">
    <label description="Param to pass the SearchHub from the UI to the service" languagecode="1033" />
  </description>
  <displayname default="Portal SearchHub Param">
    <label description="Portal SearchHub Param" languagecode="1033" />
  </displayname>
  <iscustomizable>1</iscustomizable>
  <isoptional>0</isoptional>
  <name>cvo_portal_SearchHub</name>
  <type>10</type>
</customapirequestparameter>