<environmentvariabledefinition schemaname="cvo_crm_EmailAddressField">
  <defaultvalue>internalemailaddress</defaultvalue>
  <description default="Field which contains the email to be used for UserId">
    <label description="Field which contains the email to be used for UserId" languagecode="1033" />
  </description>
  <displayname default="CRM EmailAddressField">
    <label description="CRM EmailAddressField" languagecode="1033" />
  </displayname>
  <introducedversion>1.0.0.0</introducedversion>
  <iscustomizable>1</iscustomizable>
  <isrequired>0</isrequired>
  <secretstore>0</secretstore>
  <type>100000000</type>
</environmentvariabledefinition>