<customapi uniquename="cvo_crm_GetSearchToken">
  <allowedcustomprocessingsteptype>0</allowedcustomprocessingsteptype>
  <bindingtype>0</bindingtype>
  <description default="Method to get the SearchToken on the CRM side.">
    <label description="Method to get the SearchToken on the CRM side." languagecode="1033" />
  </description>
  <displayname default="CRM GetSearchToken">
    <label description="CRM GetSearchToken" languagecode="1033" />
  </displayname>
  <iscustomizable>1</iscustomizable>
  <isfunction>0</isfunction>
  <isprivate>0</isprivate>
  <name>cvo_crm_GetSearchToken</name>
  <plugintypeid>
    <plugintypeid>22775f0b-e94d-4550-bcd6-59e5ac196310</plugintypeid>
  </plugintypeid>
  <workflowsdkstepenabled>0</workflowsdkstepenabled>
</customapi>