<environmentvariabledefinition schemaname="cvo_crm_AllowedSearchHubs">
  <defaultvalue>InsightPanel,AgentPanel</defaultvalue>
  <description default="List of allowed SearchHubs to validate in the service.">
    <label description="List of allowed SearchHubs to validate in the service." languagecode="1033" />
  </description>
  <displayname default="CRM AllowedSearchHubs">
    <label description="CRM AllowedSearchHubs" languagecode="1033" />
  </displayname>
  <introducedversion>1.0.0.0</introducedversion>
  <iscustomizable>1</iscustomizable>
  <isrequired>0</isrequired>
  <secretstore>0</secretstore>
  <type>100000000</type>
</environmentvariabledefinition>