<customapirequestparameter uniquename="cvo_portal_ContactId">
  <description default="Id of the contact that is logged on the portal. If none is supplied, Anonymous will be used.">
    <label description="Id of the contact that is logged on the portal. If none is supplied, Anonymous will be used." languagecode="1033" />
  </description>
  <displayname default="Portal ContactId">
    <label description="Portal ContactId" languagecode="1033" />
  </displayname>
  <iscustomizable>1</iscustomizable>
  <isoptional>0</isoptional>
  <name>cvo_portal_ContactId</name>
  <type>10</type>
</customapirequestparameter>