<environmentvariabledefinition schemaname="cvo_crm_ValidFor">
  <defaultvalue>3600000</defaultvalue>
  <description default="https://docs.coveo.com/en/56/build-a-search-ui/search-token-authentication#validfor-integer-optional">
    <label description="https://docs.coveo.com/en/56/build-a-search-ui/search-token-authentication#validfor-integer-optional" languagecode="1033" />
  </description>
  <displayname default="CRM ValidFor">
    <label description="CRM ValidFor" languagecode="1033" />
  </displayname>
  <introducedversion>1.0.0.0</introducedversion>
  <iscustomizable>1</iscustomizable>
  <isrequired>0</isrequired>
  <secretstore>0</secretstore>
  <type>100000001</type>
</environmentvariabledefinition>